인텐트명,답변
Default Fallback Intent,방금 하신 말씀을 잘 못 알아들었어요.경기지역화폐에 관련된 질문을 해주세요고객센터(1899-7997)를 통해 재문의 부탁드립니다.
Default Welcome Intent,무엇을 도와드릴까요?원하시는 메뉴를 선택해주세요.
testtest,ttetetete
가맹점_가맹문의,경기지역화폐 앱 [가맹점 등록 신청 접수] 배너 또는 가맹점 등록 사이트[http://with.konacard.co.kr]에서 신청 가능합니다.※경기지역화폐 매입사인 BC카드 기준으로 정보반영 및 정산됩니다.※이용 가맹점 신청 후 실시간 반영이 아닌 지자체 승인이 필요합니다.
결제문의_NFC결제,경기지역화폐는 NFC결제를 지원하지 않습니다.
결제문의_QR결제,아직은 경기지역화폐로 QR 결제는 불가합니다.
결제문의_결제가능매장,"경기지역화폐 결제 매장 검색페이지를 통해 지역별 결제 가능 매장을 확인할 수 있습니다. (https://search.konacard.co.kr/payable-merchants)※ 대형마트, 대형슈퍼, 유흥업소 등 및 연매출 10억(일부지자체) 이상 가맹점에서는 사용이 제한될 수 있습니다.※ 일부 가맹점은 개별 여건이나 상황에 따라 거래 환경이 변동되었을 수 있습니다. ※ 지역화폐의 경우 지역경제 활성화 기여와 소상공인 지원의 의의를 두고 있습니다."
결제문의_결제가능시간,경기지역화폐 카드는 24시간 이용 가능합니다.※ 서비스 점검이 필요한 경우 APP에 사전 공지됩니다.※ BC사 또는 당사 서비스 점검으로 일시적으로 결제가 불가할 수 있습니다.
결제문의_결제금액상이,"결제 시 할인 금액은 가맹점에서 제공하는 지류 영수증에는 표기되지 않으며, 할인 금액이 적용된 승인금액은 앱의 [내지갑>이용내역]에서 확인할 수 있습니다."
결제문의_결제오류,"먼저, 결제 제한 가맹점에서 결제를 시도하였는지, IC칩을 바른 위치에 깊게 꽂았는지 확인 부탁드립니다. 그럼에도 같은 문제가 지속적으로 발생한다면 고객센터(1899-7997)로 유선 문의해 주시면 안내 도와드리겠습니다.※ 고객센터 운영 시간 : 월~금(공휴일 제외) 09:00 ~ 18:00"
결제문의_결제완료,경기지역화폐 카드를 이용해 주셔서 감사합니다.경기지역화폐 앱(APP) 내지갑에서 이용내역 확인 가능합니다. 푸시(PUSH) 알림 동의 시 배너를 통해서도 거래내역 및 잔액 확인할 수 있습니다.더 나은 서비스를 제공하기 위해 노력하겠습니다.
결제문의_결제취소,"결제 취소를 원할 경우, 결제한 가맹점에 직접 방문해야 합니다.결제 취소 가능여부는 가맹점 기준에 따라 불가할 수 있습니다.결제 취소 시 가맹점에 따라 카드 잔액 복구까지 3~7일이 소요됩니다.※ 가맹점 정책 및 서비스 종류에 따라 결제 취소가 제한될 수 있습니다.※ 유효기간 만료된 잔액(인센티브,정책발행금) 결제 취소 시 잔액으로 복구되지 않습니다."
결제문의_마그네틱결제,경기지역화폐는 보안성이 낮은 마그네틱 결제를 지원하지 않습니다. 안전한 거래를 위해 IC 카드 단말기에 카드를 꽂아서 결제해 주세요.
결제문의_배달특급,지역화폐 가맹점이라면 배달어플 배달특급에서 경기지역화폐로 결제가 가능합니다.배달특급 고객센터 : 1599-7572 안내드립니다.
결제문의_삼성페이,"경기지역화폐는 IC칩과 삼성페이(삼성폰) 결제를 지원합니다. 삼성페이에 실물카드(모바일카드) 등록 시, 결제 가능합니다.※ 삼성페이로 결제 시 실물카드번호와 상이한 가상 카드번호로 결제 됩니다.※ 단, 모바일 카드 번호를 삼성페이에 등록할 경우 ①경기지역화폐 앱(APP) 삭제 후 재설치 하거나 ②실물카드 등록 시, 카드 번호 변경되어 재 등록 필요합니다."
결제문의_오프라인결제,경기지역화폐는 실물카드 IC칩과 삼성페이(삼성폰) 결제를 지원합니다.타 결제 수단과 복합 결제가 필요한 경우 가맹점 측으로 문의 부탁드립니다. ※ APP을 통한 결제 방법은 지원하고 있지 않습니다. ※ 일부 모바일카드(정책발행금)는 [내지갑>바코드] 결제로 이용 가능합니다.※ 경기지역화폐 앱 [가맹점찾기] 배너를 통해 이용 매장 확인 부탁드립니다.
결제문의_온라인결제,지역화폐의 특성에 따라 온라인 결제는 지원하지 않고 있습니다.
결제문의_이상거래,"소중한 회원님들의 카드 도용사고를 미연에 방지하기 위해 이상거래 관련 정책을 수립하여 모니터링하고 있습니다. 경기지역화폐 이상거래 정책에 위반한 거래가 발생할 경우 부득이하게 이용 중지 될 수 있음을 알려드립니다. 해당사항의 경우, 소명자료 작성을 통해 정상거래로 판단되면 정상 이용이 가능하니 번거로우시더라도 고객센터 안내에 따라 협조 부탁드리겠습니다."
결제문의_잔액부족,"모바일카드와 실물카드가 연동 되어 있지 않아 결제 실패될수 있습니다.실물카드 등록 후 결제 부탁드립니다.※ 실물카드 등록 방법 : [경기지역화폐 앱(APP) > 내지갑 > 모바일카드 하단 '카드등록']실물카드 등록 후에도 동일하게 결제되지 않는다면 IC 오류로 재발급 필요할 수 있습니다.가맹점 결제 시도 이력 확인 후 재발급 도와드릴 수 있는 점 양해 부탁드리며,번거로우시겠지만 고객센터(1899-7997)를 통해 재 문의 부탁드립니다.※ 고객센터 운영 시간 : 월~금(공휴일 제외) 09:00 ~ 18:00"
결제문의_중복결제,"이중/중복 결제 진행되었다면 우선 결제 진행한 가맹점 측으로 확인 부탁드립니다. 별도 안내가 필요한 경우 고객센터로 문의 부탁드립니다.※고객센터 전화번호 : 1899-7997 (주말, 공휴일 제외 09:00 - 18:00)"
결제문의_카드바코드결제,카드 후면의 바코드는 카드를 앱에 등록하기 위한 용도로써 바코드 결제는 불가합니다. 결제 시 IC칩  단말기에 카드를 꽂아서 이용해주시기 바랍니다.
결제문의_쿠폰사용,경기지역화폐 APP내 메인화면에서 [내쿠폰] 확인 가능합니다.쿠폰사용 버튼을 누른 후 10분 이내로 실물 카드로 결제해 주시면 됩니다.※ 쿠폰 및 스탬프 이벤트는 상시 진행으로 앱 내 배너를 통해 사전 공지됩니다.
결제문의_타지역결제,경기지역화폐는 경기도 시/군별 지역화폐를 발급하신 해당 지역 내에서만 사용 가능합니다.
결제문의_택시결제,경기지역화폐는 택시 결제가 불가합니다.
결제문의_할인결제취소,결제 취소 시 할인받으셨던 금액도 함께 취소되어 잔액 등이 결제 이전 상태로 유지됩니다.
결제문의_해외결제,"경기지역화폐는 경기도 시/군별 지역화폐를 발급하신 해당 지역 내에서만 사용 가능하며, 해외에서의 사용은 불가합니다."
교통카드_사용안내,"경기지역화폐는 일부 지자체(고양, 오산, 파주, 남양주)에 한해 교통카드 기능이 탑재된 지역화폐 카드를 발급 받을 수 있습니다.대중교통 이용 시 일반 교통카드와 동일하게 사용해 주시면 됩니다. 1) 잔액 관리-. 교통카드는  경기지역화폐 전자상품권 잔액과 교통기능의 잔액은 별도로 관리 됩니다.-. 교통카드는 충전형으로 잔액은 GS25, CU, 세븐일레븐 등 편의점과 지하철 역 내 충전소에서 잔액 확인 및 충전하여 사용 가능합니다.   > 경기지역화폐 전자상품권 잔액 확인과 충전은 [내 지갑]에서 이용 가능합니다.2) 환불 안내-. 교통기능의 잔액 환불 시 수수료가 공제되며, 분실 시 충전 금액은 환불 받을 수 없습니다.-. 교통기능의 잔액 환불은 아래 금액에 따른 안내 방법을 참고 하시기 바랍니다.*2만원 이하 : GS25, CU, 세븐일레븐 등 편의점 점포에서 환불 처리*2만원 초과 : 편의점에 비치된 환불봉투에 카드를 동봉하여 캐시비로 발송, 접수 후 환불 처리   > 교통기능의 잔액 환불은 캐시비 환불 정책에 따릅니다. 자세한 내용은 캐시비 홈페이지를 참고 하시기 바랍니다.3) 기타-. 교통기능의 소득공제는 캐시비 홈페이지에서만 가능합니다.-. 청소년용 교통기능을 이용하시는 고객은 충전 가능한 편의점 점포에서 생년월일을 등록 하셔야 지속적인 할인 요금을 적용 받을 수 있습니다.   > 카드 후면에서 청소년용 여부를 확인 하시기를 바랍니다.※  캐시비 고객센터 : 1644-0006"
교통카드_신청,"경기지역화폐는 일부 지자체(고양, 오산, 파주, 남양주)에 한해 교통카드 기능이 탑재된 지역화폐 카드를 발급 받을 수 있습니다.교통카드 발급은 경기지역화폐 앱(APP)을 통해 가능합니다.* 교통카드 발급 방법[경기지역화폐 앱(APP) > 시, 군별 카드 신청하기 > 지역선택 > 교통카드겸용]교통비 충전은 일반 경기지역화폐 [충전]이 아닌 편의점 또는 역사에서 [캐시비 충전] 후 사용 가능합니다.경기지역화폐 결제를 위한 충전은 경기지역화폐 앱(APP) [충전]으로 잔액 충전 후 사용 가능합니다.※ 동일한 시/군 카드가 이미 등록된 고객의 경우 인센티브 및 혜택은 카드 당이 아닌 계정(1인) 당 지급 한도가 정해져 있는 점 유의 부탁드립니다.※ 현재 교통기능 지역화폐카드 발급 가능 지역은 남양주, 고양, 오산, 파주시입니다.※ 경기지역화폐 잔액과 캐시비 잔액은 별도로 관리됩니다.※ 카드 분실 시 교통카드 충전 된 잔액은 경기지역화폐에서 확인 및 환불이 불가합니다."
기타_ATM인출,경기지역화폐는 ATM 잔액 인출이 불가합니다.
기타_고객센터,"경기지역화폐 고객센터 안내드립니다. ※ 고객센터 : 1899-7997 (주말, 공휴일 제외 09:00 ~ 18:00) ※ 챗봇은 상담사와 연결되지 않습니다."
기타_고객센터문의,"문의주신 내용 답변을 위해서는 정확한 확인이 필요합니다.챗봇을 통해서 답변드리기 어려운 점 양해부탁드리며,번거로우시겠지만 고객센터(1899-7997)를 통해 재문의 부탁드립니다.※ 고객센터 운영 시간 : 월~금(공휴일 제외) 09:00 ~ 18:00"
기타_고객센터지연,"문의량 급증으로 고객센터 연결이 지연되는 점 양해 부탁 드립니다.다시 한번 고객센터 문의 부탁 드리겠습니다.※고객센터 전화번호 : 1899-7997 (주말, 공휴일 제외 09:00 - 18:00)"
기타_발행및사용현황,경기지역화폐 발행 및 사용현황은 아래의 링크를 참조해주세요.
기타_사기,보이스피싱과 같은 사고로 안내가 필요하다면 고객센터(1899-7997)로 문의 부탁드립니다.
기타_사용가능금액상이,"APP 메인 화면에서 보여지는 ""사용 가능 금액""은 주카드로 설정한 카드의 1회 최대 결제(사용) 금액이 노출됩니다.주카드의 한도 상향(기명화) 여부에 따라 최대 노출 금액이 상이합니다.※ 한도상향(기명화) 방법 : 충전 계좌 연결 이후 등록하는 카드에 한해 자동으로 한도 상향 (기존 보유하고 있는 카드는 계좌 재연결 필요)※ 기명화 카드 : 1회 최대 결제 가능 금액 - 200만원※ 미기명화 카드 : 1회 최대 결제 가능 금액 - 50만원"
기타_상세질문요청,질문을 좀 더 자세히 입력해주세요!
기타_서비스미가입지역,"경기지역화폐는 김포, 성남, 시흥을 제외한 28개 지자체의 지역화폐를 운영하고 있습니다.김포, 성남, 시흥 및 그외 지역 카드 발급과 사용 문의는 해당 지자체로 문의하시기 바랍니다."
기타_소중한의견,고객님의 소중한 의견 감사 드립니다. 앞으로 고객님의 의견을 충분이 반영하여 더욱 노력하는 경기지역화폐가 되도록 최선을 다하겠습니다
기타_앱설치,경기지역화폐 앱은 아래의 링크를 통해 설치 가능합니다.
기타_앱재설치,"앱을 재설치하시는 경우 회원가입 없이 재 로그인이 가능하며, 보유하신 카드 잔액 및 이용내역은 자동으로 복원됩니다."
기타_여러기기사용,"경기지역화폐는 유저 아이디 기준으로 회원당 1개의 휴대폰에서만 사용이 가능하며, 여러 기기에서 사용은 불가합니다."
기타_연회비,경기지역화폐는 연회비 없이 발급 및 사용이 가능합니다.
기타_이용한도,"경기지역화폐는 50만원 충전, 보유 및 1회 50만원 결제 가능합니다.APP 내 충전 계좌 연결 시, 카드 한도 금액이 자동으로 200만원으로 상향되며 1회 200만원까지 결제 가능합니다.* 충전 한도 상향을 위해 기명카드로 전환 시, 본인인증을 필수로 진행하셔야 합니다. * 이미 계좌를 등록하신 상태에서, 기존 등록된 카드의 보유 한도를 증액하시려는 경우 계좌를 재연결하셔야 상향 가능합니다."
기타_카드디자인,경기지역화폐 앱(APP) 메인페이지 [시/군별 카드 신청하기] 배너에서 카드 디자인 확인 가능합니다. * 나만의 DIY 경기지역화폐 카드를 만들 수 있습니다.아래 링크를 참조해 주세요.
기타_카드습득,"카드 습득으로 안내 및 처리가 필요하다면 고객센터로 문의 부탁드립니다. ※ 습득한 카드는 근처 경찰서 및 복지센터로 전달 부탁드립니다. ※ 고객센터 운영 시간 : 월~금(주말, 공휴일 제외) 09:00 ~ 18:00"
기타_할인가맹점,"할인 가맹점은, APP 상단 > 즐겨찾는 지역 홈 > [특별할인가맹점] 에서 확인 가능합니다.단, 지자체/가맹점 별 적용되는 할인율은 상이하며, 지자체 및 가맹점주 요청에 의해 변경될 수 있습니다.※ [특별할인가맹점]이 없는 지자체는 배너가 노출되지 않습니다. ※ 결제 시 할인 받은 금액은 지류영수증에 표시되지 않지만, 경기지역화폐 앱 [내지갑>이용내역]에서 바로 확인할 수 있습니다."
기타_할인가맹점한도,가맹점 할인 혜택은 한도 없이 무제한으로 제공하고 있습니다.
기타페이_등록문의,경기지역화폐는 실물카드 IC칩 결제와 삼성페이(삼성폰) 결제만 지원합니다.다른 간편결제 서비스는 지원하고 있지 않은 점 양해 부탁드립니다.
등록문의_등록오류,"카드 뒷면의 카드번호, 유효기간 등이 올바르게 입력되었는지 확인해 주세요.계속해서 오류가 발생된다면 고객센터(1899-7997)로 문의해 주시면 안내해드리겠습니다.※ 타인에게 등록된 카드는 재등록 불가합니다.※ 고객센터 운영 시간 : 월~금(공휴일 제외) 09:00 ~ 18:00"
등록문의_등록해제,"카드 등록 해제는, 내지갑 > 카드관리에서 카드삭제를 통하여 가능합니다.앱에서 카드 삭제 시, 해당 카드는 폐기되어 재사용 불가합니다.신규 카드 발급을 원하실 경우, 앱 메인 페이지의 [시/군별 카드 신청하기] 배너를 통해 추가 발급하여 이용해 주시기 바랍니다."
등록문의_신용카드등록,"경기지역화폐로 발급된 카드만 등록할 수 있습니다.타사(은행, 카드사 등)에서 발행한 카드는 등록이 불가합니다."
등록문의_여러장등록,"경기지역화폐는 여러 장의 카드를 등록할 수 있습니다.단, 한번 등록된 카드는 등록 해제가 불가하오니, 이용에 참고하시기 바랍니다.Tip> 주 카드 설정 방법[내지갑]에서 설정할 카드 디자인의 좌측상단 별(☆)모양을 눌러주세요."
등록문의_카드등록방법,경기지역화폐 앱 메인화면에서  [카드등록하기] 또는 [내지갑>카드등록]을 선택해주세요. 카드 후면에 있는 바코드를 스캔하거나 카드번호/유효기간/CVC를 직접 입력하여 등록할 수 있습니다.등록 완료된 카드는[내지갑]에서 확인이 가능합니다.※ 정책발행 카드의 경우 수당 대상자(신청자)의 정보와 휴대폰 명의자가 동일한 경우에만 앱을 통한 카드 사용등록이 가능합니다.
배송문의,"신청하신 카드는 발송일로부터 영업일 기준 10일 이내 일반 우편으로 배송됩니다. 해당 기간 내 우편함을 확인해 주세요. 단, 일반 우편이므로 주소가 명확하지 않은 경우 반송되거나, 공동 우편함일 경우 분실될 우려가 있습니다.도착까지 다소 시간이 소요될 수 있사오니, 신청 후 2주가 지나도 우편함에서 확인이 어려우신 경우 고객센터(1899-7997)로 유선 문의해 주시면 신속하게 확인해 드리겠습니다. ※ 정책발행금 지급을 위한 카드는 대상자 확정기간에 따라 추가 시일이 소요될 수 있습니다.  ※ 배송지 재확인 방법 : 전체메뉴>종모양(알림)>내소식※ 고객센터 운영 시간 : 월~금(공휴일 제외) 09:00 ~ 18:00"
배송문의_배송오류,"신청한 카드와 다른 카드가 배송된 경우 고객센터(1899-7997)로 문의해 주세요.확인 후, 재발송해 드리겠습니다.※ 고객센터 운영 시간 : 월~금(공휴일 제외) 09:00 ~ 18:00"
배송문의_배송지변경,"카드 배송지는 신청 당일에 한하여 경기지역화폐 앱 [전체메뉴 > 카드 발급 현황] 또는 고객센터(1899-7997)를 통하여 변경이 가능합니다.신청일 다음날 우체국에 접수되기 때문에, 신청일이 지난 이후에는 변경이 불가합니다. ※ 전체 메뉴는 앱 우측 상단의 [≡]모양의 버튼을 누르시면 노출됩니다.※ 우편함 수령 가능한 주소지로 신청 부탁드립니다. ※ 고객센터 운영 시간 : 월~금(공휴일 제외) 09:00 ~ 18:00"
분실문의_분실신고,"분실신고는 앱에 등록된 카드에 한해 앱 또는 ARS를 통해 즉시 분실신고 가능합니다.분실신고 시 카드는 즉시 사용이 중지되어, 카드 내 잔액은 보호 가능합니다.만약, 앱/ARS를 통한 분실신고가 어려우실 경우 고객센터(1899-7997)로 유선 문의해 주시면 신속하게 처리 도와드리겠습니다.※ 분실신고는 앱 우측 상단의 [≡]모양의 버튼 - 카드 분실신고/재발급 신청위 경로를 통해 가능합니다.※ 고객센터 운영 시간 : 월~금(공휴일 제외) 09:00 ~ 18:00"
분실문의_분실신고해제,"분실신고한 카드는 분실신고 해제(취소) 후 재 사용 가능 합니다. 분실신고 해제는 앱 [전체메뉴>카드분실신고/재발급 신청] 또는 ARS [분실신고 해제]를 통해 가능 하며, 취소 후 [내지갑] 메뉴에서 확인 할 수 있습니다.단, 분실신고 후 재발급 신청을 하신 경우라면, 분실신고 해제가 불가능한 점 양해 부탁드립니다.  ※ 전체메뉴는 앱 우측 상단의 [≡]모양의 버튼을 누르시면 노출됩니다."
분실문의_분실카드결제취소,"결제 취소를 원할 경우, 결제한 가맹점에 직접 방문해야 합니다.결제 취소 시 가맹점에 따라 카드 잔액 복구까지 3~7일이 소요됩니다.※ 가맹점 정책 및 서비스 종류에 따라 결제 취소가 제한될 수 있습니다.※ 분실/삭제된 카드로 발생한 매출 취소 잔액은 해당 카드로 복원되어 고객센터 통해 잔액 이동이 필요합니다.고객센터 : 1899-7997 (주말, 공휴일 제외 09:00 ~ 18:00)"
분실문의_분실카드잔액환불,"카드 분실의 이유로는 잔액 환불이 불가합니다. 경기지역화폐 앱 [전체메뉴>카드분실신고/재발급 신청]을 통해 분실신고 후 재발급한 카드를 등록하여 사용 부탁드립니다. ※ 경기지역화폐 카드는 무기명 선불형 IC 카드로, 앱에 등록되지 않은 카드는 현금을 잃어 버린 것과 동일하게 취급되어 잔액 환불이 불가합니다. ※ 전체메뉴는 앱 우측 상단의 [≡]모양의 버튼을 누르시면 노출됩니다."
분실문의_정책발행금카드분실,"정책발행금 지급 및 사용 기한 내에 재발급 카드를 앱(APP)에 등록해 주시면 지원금 지급받을 수 있습니다. 먼저, 분실한 카드를 경기지역화폐 앱에서 분실신고 해주세요. 분실 신고 즉시 카드 사용이 중지되어 잔액을 보호할 수 있으니 안심하세요.경기지역화폐 앱 [전체메뉴>카드분실신고/재발급 신청]을 통해 분실신고 완료 후 [재발급신청]을 누르면 동일한 카드로 재발급 받을 수 있습니다.재발급 신청으로 생성된 모바일 카드에 실물 카드 등록해 주시면 보유 잔액 이관되어 사용 가능합니다. 경기지역화폐 앱(APP) [내지갑>카드정보>실물카드 등록]으로 이용 부탁드립니다. 앱에서 분실신고 및 재발급이 어려우실 경우 고객센터(1899-7997)로 유선 문의해 주시면 신속하게 처리 도와드리겠습니다.※ 일반우편으로 발송되어 평일 기준 3~10일(최대 2주) 소요됩니다.※ 재발급 신청 이후 분실해제 및 발급취소 불가하니 신중한 선택 부탁드립니다. ※ 전체 메뉴는 앱 우측 상단의 [≡]모양의 버튼을 누르시면 노출됩니다.※ 고객센터 운영 시간 : 월~금(공휴일 제외) 09:00 ~ 18:00"
삼성페이_등록방법,"경기지역화폐는 IC칩 결제와 삼성페이(삼성폰) 결제를 지원합니다. 삼성페이에 실물카드(모바일 카드) 등록 시, 결제 가능합니다.[삼성페이 > 내 카드 추가 > 약관동의 > 카드 뒷면 스캔] 경로를 통해 등록 가능합니다.※ 단, 모바일 카드 번호를 삼성페이에 등록할 경우 ①경기지역화폐 앱(APP) 삭제 후 재설치 하거나 ②실물카드 등록 시, 카드 번호 변경되어 재 등록 필요합니다.※ 비밀번호 입력횟수 초과 시, 경기지역화폐 앱 [전체메뉴>내정보]에서 비밀번호 변경 부탁드립니다."
삼성페이_비밀번호,"삼성페이 內 경기지역화폐 카드 비밀번호는 경기지역화폐 앱(APP) 보안 비밀번호 6자리 중 앞 2자리 입니다.삼성페이 비밀번호 오류 발생 시,[경기지역화폐 앱(APP) > 오른쪽 상단 메뉴(≡) > 내정보 > 비밀번호 변경] 경로를 통해비밀번호 재 설정 후 삼성페이 등록 부탁드립니다.추가적으로 문의사항이 있으시다면,고객센터(1899-7997)로 문의 부탁드립니다.※ 고객센터 운영 시간 : 월~금(공휴일 제외) 09:00 ~ 18:00"
설정문의_지역홈설정,"지역 홈 설정은, 경기지역화폐 앱 메인화면 우측 상단의 [≡]모양의 좌측 아이콘을 누르시면 설정이 가능합니다.주요 생활지역이나 관심지역을 즐겨찾는 지역 홈으로 설정해 보세요."
소개_가평지역화폐,가평사랑상품권입니다.
소개_경기도청,"새로운 경기, 함께 시작합니다."
소개_경기지역화폐,"지역별 전통시장 및 소상공인의 실질적 매출 증대, 지역경제 선순환 도모를 위해 경기도 31개 시·군에서 발행하고 지역내에서 사용하는 지역사랑상품권입니다."
소개_고양지역화폐,지역경제 활성화와 관내 소상공인을 위해 고양시에서만 사용할 수 있는 선불충전식 카드형 지역화폐입니다.
소개_과천지역화폐,과천화폐 과천토리는 지역내 소비를 진작시키고 지역자금 역외유출을 방지하여 경기침체 심화로 어려움을 겪고 있는 과천시내 소상공인·자영업 등 지역경제를 살리기 위해 과천시에서 발행하는 지역화폐입니다.
소개_광명지역화폐,광명사랑화폐란 광명시가 발행하고 광명시내에서만 사용가능한 지역화폐로 광명의 자금이 역외로 유출되는 것을 방지하여 관내 유통을 증가시켜 소상공인의 매출액 증대와 지역경제 활성화에 기여합니다.
소개_광주지역화폐,광주사랑카드는 광주시 내에서만 사용할 수 있는 선불충전식 카드형 지역화폐입니다.
소개_구리지역화폐,"구리사랑카드는 카드형으로 발급되는 지역상품권(구리시 지역화폐)이며, 구리시 내 상점에서 현금 대신 사용할 수 있는 대안화폐입니다.골목식당과 전통시장 활성화에 숨을 불어 넣어주는 착한 화폐입니다."
소개_군포지역화폐,"군포애머니는 군포시에서 발행하는 충전식 지역화폐 카드로 군포시 내에서 사용가능합니다. 지역경제 활성화를 위해 발행하는 카드형 지역화폐이며, 군포사랑이 가득한, 군포사랑을 시민 모두가 실천하자는 의미가 내포되어있습니다."
소개_남양주지역화폐,골목상권 활성화와 소상공인을 위하여 남양주시에서만 사용할 수 있는 충전식 선불카드형 지역사랑상품권입니다.
소개_동두천지역화폐,동두천사랑카드란 지역상권 활성화를 위해 최대 6~10% 추가지급된 금액으로 동두천 내에서 사용할 수 있는 충전형 체크카드입니다.
소개_부천지역화폐,부천페이란 부천시가 발행하고 부천내에서만 사용가능한 지역사랑상품권으로 부천의 자금이 역외로 유출되는 것을 방지하여 관내 유통을 증가시켜 소상공인의 매출액 증대와 지역경제 활성화에 기여합니다.
소개_수원지역화폐,수원시 소상공인을 지원하고 지역경제 활성화를 위해 발행되는 카드형 지역화폐 입니다.
소개_안산지역화폐,안산화폐 다온 입니다.
소개_안성지역화폐,안성사랑카드는 안성시의 지역결제를 살리고 시민들간의 유대감을 형성할 수 있는안성시 관내에서만 사용 가능한 카드형 지역화폐 입니다.
소개_안양지역화폐,안양사랑페이는 지역 내 소비를 진작시키고 지역 자금 역외유출을 방지하여 경기침체 심화로 어려움을 겪고 있는 골목상권과 상점가 및 전통시장 등 지역경제를 살리기 위해 안양시에서 발행하는 지역 화폐 입니다.
소개_양주지역화폐,"양주사랑카드는 양주시에서 발행하고 양주시에서만 사용이 가능한 충전식 선불형 카드로서, 소상공인 매출증대 및 지역경제를 활성화 하고자 발행되는 지역화폐입니다."
소개_양평지역화폐,양평통보란 양평의 지역경제를 살리고 지역경제 기여를 통한 공동체 의식을 형성할 수 있는 양평군 전용화폐입니다.
소개_여주지역화폐,여주사랑카드입니다.
소개_연천지역화폐,"연천사랑상품권은 연천군에서 발행하고 연천군내에서만 사용이 가능한 충전식 선불카드로, 연천군의 자금이 역외로 유출되는 것을 방지하여 소상공인 매출증대 및 지역경제를 활성화하고자 발행되는 연천군 지역화폐입니다."
소개_오산지역화폐,"오산시 내에서만 사용할 수 있는 카드형 지역화폐 입니다.대형마트, 기업형 슈퍼마켓, 유흥업소, 사행성 업소, 오산에 주소지를 두고 있지 않은 프랜차이즈 직영점을 제외한관내 IC 카드 단말기를 사용하는 업소 어디에서나 사용 가능합니다.또한 경기지역화폐 APP과 연동하여 언제, 어디서나 편리하게 충전하고 잔액을 관리 할 수 있습니다."
소개_용인지역화폐,"골목상권, 소상공인의 경쟁력 확보 및 전통시장 활성화를 위해 발행된 지역화폐입니다. 충전식 선불카드 형태이며 용인시에서 발행하고, 용인시에서만 사용이 가능한 지역화폐입니다."
소개_의왕지역화폐,의왕사랑 상품권은 지역 내 소비를 진작시키고 지역자금 역외유출을 방지하여 경기침체 심화로 어려움을 겪고 있는 골목상권과 상점가 및 전통시장 등 지역경제를 살리기 위해 의왕시에서 발행하는 지역화폐입니다.
소개_의정부지역화폐,"의정부사랑카드는 의정부시에서 발행하고 의정부내에서만 사용이 가능한 충전식 선불카드로, 의정부시 자금이 역외로 유출되는 것을 방지하여 소상공인 매출증대 및 지역경제를 활성화 하고자 발행되는 지역화폐입니다."
소개_이천지역화폐,지역화폐란 지역상권 활성화 및 공동체 강화를 통한 지역경제 활성화를 위해 지방자치단체가 발행하고 해당 지자체가 행정구역 내에서만 사용할 수 있는 대안화폐입니다. 이천사랑 지역화폐를 사용하면 이천의 자금이 역외로 유출되는 것을 방지하여 우리지역 소상공인의 소득 증가는 물론 많은 일자리가 만들어집니다.
소개_인천이음,인천e음 카드는 인천 지역경제 활성화를 위해 전국 최초로 만들어진 모바일앱과 선불카드가 결합된 인천사랑 전자상품권입니다.
소개_코나아이,안녕하세요. 코나아이입니다.글로벌 플랫폼 기업을 향한코나아이의 도전과 혁신은 계속됩니다
소개_코나카드,코나카드는 전국 가맹점에서 결제가능한 충전형 체크카드입니다.캐시 당첨의 행운과 할인 헤택을 누리세요!
소개_파주지역화폐,지역자금의 지역 내 사용으로소상공인 및 전통시장의 경쟁력 강화와 지역경제 활성화를 위해파주시가 발행하는 카드형 대안화폐입니다.
소개_평택지역화폐,"지역자금의 역외유출 방지 및 골목상권과 지역경제 활성화를 위하여, 가맹점의 매출은 오르고 소비자 부담은 줄여주는 평택시 지역화폐입니다."
소개_포천지역화폐,포천사랑상품권은 지역 내 소비를 진작시키고 지역자금 역외유출을 방지하여 경기침체 심화로 어려움을 겪고 있는골목상권과 상점가 및 전통시장 등 지역경제를 살리기 위해 포천시에서 발행하는 지역화폐입니다.
소개_하남지역화폐,"하남시가 발행하여 하남시에서만 사용가능한 지역화폐로,지역 내 자금순환과 유통을 증가시켜 소상공인의 매출액 증대와 지역경제 활성화에 기여합니다."
소개_화성지역화폐,행복화성지역화폐는 지역자금 역외유출 방지 및 소상공인 매출증대를 위하여 화성시에서만 사용할 수 있는 충전식 선불카드형 지역화폐입니다.
소득공제_국세청조회,경기지역화폐는 당해 1월부터 12월까지 사용한 내역을 취합하여 다음 해 2월에 국세청으로 소득공제 신청을 합니다. 국세청으로 일괄 신청하여 접수된 이후 확인이 가능합니다.또한 소득공제 신청 후 사용한 금액에 대해서만 공제 가능하며 소급적용이 불가한 점 참고 부탁드립니다.
소득공제_번호변경,"카드 등록 시 회원의 CI(본인인증값)으로 자동 소득공제 처리됩니다.경기지역화폐는 현금 영수증이 아닌 직불(선불)카드와 동일하게 30% 소득공제 적용됩니다.연말정산 시, 부양가족 기준에 해당된다면 인적공제 가능합니다.추후 연말정산 시, 직불(선불)카드 내역으로 확인 가능합니다.추가적으로 문의사항이 있으시다면, 고객센터(1899-7997)로 문의 부탁드립니다.※ 고객센터 운영 시간 : 월~금(공휴일 제외) 09:00 ~ 18:00"
소득공제_사업자카드,"경기지역화폐는 회원 주민등록번호로 소득공제 적용됩니다.기명화 등록으로 홈택스를 통해 사업자 카드 등록 가능하지만,21년 7월부터 자동 소득공제로 변경되면서 주민등록번호 수집이 되고 있지 않아홈택스를 통해 사업자 카드 등록 불가한 점 양해 부탁드립니다.가맹점주 신분증 및 사업자 카드로 등록하고자 하는 카드 지참하여세무서 방문 시 사업자 카드 등록 가능하며 사업자 소득공제 가능합니다.※단, 세무서 별로 사업자 카드 등록 가능 여부가 상이할 수 있으므로 확인 후 방문 부탁드립니다."
소득공제_신청,"경기지역화폐 앱(APP) 회원가입 과정에서 소득공제 신청 약관에 동의해 주시면 카드 등록 시, 회원님의 주민등록 번호로 자동 소득공제 등록됩니다. ※ 소득공제는 직불카드와 동일하게 30%로 적용되며, 추후 연말정산 진행시 국세청 사이트를 통해 확인 가능합니다.※ 경기지역화폐 앱(APP) [내지갑] 접속 후 카드명 상단 소득공제 신청 완료 문구를 확인 부탁드립니다."
소득공제_취소,"소득공제 신청 시 카드의 기명처리가 완료되며, 신청 취소는 불가합니다."
소득공제_타인명의,소득공제 신청은 본인 명의로만 신청이 가능합니다.타인 명의로 소득공제 정보 변경은 불가하지만연말정산 시 부양가족 기준에 해당된다면 인적공제 가능합니다.공제에 대한 자세한 문의는 국세청(126)을 통해 문의 부탁드립니다.
송금문의,"아쉽지만 경기지역화폐는 송금,이체 기능이 없습니다.잔액 환불은 마지막으로 금액이 추가된 시점(충전, 결제 취소 등)의카드 잔액의 60% 이상(잔액 1만원 이하인 경우, 80% 이상)을 사용하시면 환불 가능합니다.* 환불 방법[경기지역화폐 앱(APP) > 오른쪽 상단 메뉴(三) > 카드 환불신청/조회]카드 배송 시, 동봉된 안내문과 약관 참조해 주시기 바랍니다.환불 신청된 금액은 3~7일 후 연결된 계좌로 입금됩니다.추가적으로 문의사항이 있으시다면, 고객센터(1899-7997)로 문의 부탁드립니다.※ 고객센터 운영 시간 : 월~금(공휴일 제외) 09:00 ~ 18:00"
앱기능_거래내역,"- 경기지역화폐 앱(APP) 내지갑을 통해 이용내역 확인 가능합니다.푸시(PUSH) 알림 동의 시 배너를 통해서도 거래내역 및 잔액 확인할 수 있습니다.- 경기지역화폐 APP 내 [전체메뉴 > 거래내역 신청]을 통해 거래내역 신청이 가능합니다.거래내역 비밀번호는 고객님의 생년월일 8자리 입니다.단, 리스트에 노출되지 않는 카드나 소득공제 미 신청한 카드의 거래내역은 고객센터(1899-7997)로 문의주세요.※ 영수증(신용전표) 출력은 불가 합니다.※ 분실(삭제)카드 거래내역 또는 Excel 파일이 필요하다면 고객센터로 연락 부탁드립니다. - 고객센터 : 1899-7997 (공휴, 주말제외 09:00 - 18:00)"
앱기능_결제알림,"결제시 알림은 문자 및 카카오톡으로 지원하지 않으며, 앱 내 푸시 알림으로 제공됩니다.사용 내역 배너 알림 설정은[경기지역화폐 앱(APP) > 오른쪽 상단 메뉴(≡) > 설정 > 마케팅 알림]을 통해 설정 가능합니다.배너 설정 후에도 알림 확인이 불가할 경우,휴대폰 단말기 기기 설정에서 알림 허용 부탁드립니다."
앱기능_사용안내,"경기지역화폐 앱은 충전, 이용내역, 발급 신청 등의 다양한 서비스를 제공합니다.메인화면 하단 [경기지역화폐 APP 사용법] 메뉴를 확인 부탁드립니다.더 많은 분들과 혜택을 나누며 경기 지역 발전을 위해 노력하는 경기지역화폐가 되겠습니다."
앱기능_선물하기,경기지역화폐는 선물하기(타인에게 잔액이동) 기능이 없습니다.더 나은 서비스를 제공하기 위해 노력하는 경기지역화폐가 되겠습니다.
앱기능_알림끄기,"[전체 메뉴>설정]에서 '이벤트와 혜택 알림 받기' 설정을 해제해 주세요.별도 안내가 필요한 경우 경기지역화폐 고객센터로 문의 부탁드립니다.고객센터 : 1899-7997 (주말, 공휴일 제외 09:00 - 18:00)"
앱기능_잔액이동,"동일한 지자체 카드를 여러 개 보유하고 있을 경우, 원하는 카드로 잔액 이동이 가능합니다.[내지갑 > 카드관리 > 돈옮기기] 에서 원하는 카드를 선택하여 잔액과 포인트를 즉시 이동하여 사용하세요.단, 돈 옮기기 기능은 전액 이동만 가능하며, 부분 금액은 이동이 불가 / 취소 불가합니다.※ 잔액이 이동된 후에는 새롭게 충전한 것과 동일하게 인식되어 환불정책이 적용됩니다, 이용 전 주의 부탁드립니다.(잔액이동 후 잔액의 60% 이상 사용 시,1만원 이하 일 경우 80% 사용 시 환불 가능)※ 동일한 지자체(지역) 카드로만 이동이 가능하며, 타 지자체 카드로는 잔액 이동이 불가합니다.※ 돈옮기기 기능은 소득공제 정보/기명화 정보까지 옮겨지지 않습니다."
앱기능_추천코드확인,[경기지역화폐 앱(APP) > 오른쪽 상단 메뉴(三) > 경기지역화폐 소개하기]를 통해 추천코드 확인 가능합니다.
오픈뱅킹,"당사에서 제공하는 오픈뱅킹이란 회원 금융정보를 취합하는 것이 아닌 """"충전 시 보안성이 높은 금융결제원의 시스템을 이용하는데 동의 하는 것""""으로 금융결제위원회에서 추친하는 정책/절차로 안심하고 이용바랍니다.-. 은행에서 제공하는 오픈뱅킹:    사용자의 금융정보를 취합하여, 원하는 금융사에서 통합 정보를 제공 받는 시스템.-. 당사(코나아이)에서 제공하는 오픈뱅킹:  보안성을 높이고 금융 사업을 원활하게 진행하기 위해 금융결제원에서 제공하는 충전 중계 서비스"
오픈뱅킹_동의,"당사에서 제공하는 오픈뱅킹이란 """"충전 시 보안성이 높은 금융결제원의 시스템을 이용하는데 동의 하는 것""""으로 금융결제위원회에서 추친하는 정책/절차입니다. 따라서, 오픈뱅킹 이용 약관에 미동의시 충전 및 계좌 변경 서비스 이용이 불가합니다.※오픈뱅킹 동의 철회는 연결 계좌 은행으로 확인 부탁드립니다."
오픈뱅킹_자동이체해제,"코나아이는 경기지역화폐 운영대행사로서 계좌 연결(등록)/변경 시, 은행의 보안문자가 발송됩니다.<문자내용>[web발신][00은행]*** 고객님의 00은행 계좌에 코나아이㈜ (기관코드:000000)의 자동이체(일회성출금 포함)가 등록되었습니다.(중략)* 납부자번호:(중략) ARS통해 계좌 인증 시 지역화폐 앱에는 1회성 출금계좌가 등록되며, 은행에서 이에 대해 확인 해보시라는 보안문자입니다. 실제 자동이체가 연결되는 것은 아닙니다.추후 카드 수령하시어 충전 진행 시, 자동충전은 별도 설정 가능합니다."
인센티브_누락,시·군별 인센티브 월간/연간 지급 한도가 존재합니다.시·군별 인센티브 월간/연간 지급 한도는 APP 메인 배너 [인센티브 안내 / 충전혜택 & 포인트 한도] 혹은 공지사항을 통해서 확인 가능합니다.지급받은 인센티브는 APP 내 [내 지갑 > 이용내역 > 인센티브 내역]을 통해 확인 가능합니다.만약 지급 한도를 초과하지 않으셨다면 고객센터(1899-7997)로 문의해주시면 빠르게 확인해 드리겠습니다.※ 고객센터 운영 시간 : 월~금(공휴일 제외) 09:00 ~ 18:00
인센티브_사용,충전으로 지급받은 인센티브는 보유한 잔액 및 인센티브 비율과 동일하게 자동으로 복합 결제 진행됩니다.[경기지역화폐 앱(APP) > 내지갑 > 이용내역 > 인센티브] 내역을 통해 사용 내역 확인 가능합니다.
인센티브_소득공제,"경기지역화폐 앱(APP) 회원가입 과정에서 소득공제 신청 약관에 동의해 주시면 카드 등록 시, 회원님의 주민등록 번호로 자동 소득공제 등록됩니다. ※ 소득공제는 직불카드와 동일하게 30%로 적용되며, 추후 연말정산 진행시 국세청 사이트를 통해 확인 가능합니다.※ 경기지역화폐 앱(APP) [내지갑] 접속 후 카드명 상단 소득공제 신청 완료 문구를 확인 부탁드립니다. ※ 소득공제 처리는 소득공제 신청 후 사용한 금액에 대해서만 공제 가능하며, 소급 적용이 불가합니다."
인센티브_유효기간,"적립 시점에 따라 유효 기간이 다르며, [이용내역>인센티브내역]의 [안내]에서 지급받은 인센티브 유효기간을 확인할 수 있습니다.매월 초 메일/PUSH를 통해 익월 소멸되는 포인트에 대한 안내를 제공하고 있습니다. ※ 유효기간 만료 시 자동 소멸되며 재지급 불가 합니다.※ PUSH 재확인 방법 : 전체메뉴>종모양>내소식"
인센티브_전월실적,경기지역화폐는 전월 결제 실적에 상관없이 모든 혜택을 누릴 수 있습니다. ※ 관련 내용은 지자체 정책에 따라 추후 변경될 수 있습니다.
인센티브_지급,인센티브는 지자체가 정한 비율에 따라 충전 시 제공됩니다. 충전은 앱에 카드를 등록한 후 본인 명의의 계좌를 등록한 후 가능하며 [내지갑]에서 충전한 금액과 지급받은 인센티브 잔액을 확인할 수 있습니다.※ 인센티브 요율은 지자체 정책에 따라 긴급 변경될 수 있습니다.※ 앱(APP) 메인페이지 [시/군 별 충전혜택&포인트 한도] 배너에서 자세한 확인 가능합니다.
인센티브_지급내역,경기지역화폐 앱의 [내지갑]에서 해당 카드의 [사용가능금액]옆의 화살표 버튼 또는 [내지갑 > 이용내역 > 인센티브 내역] 을 누르면 내역을 확인할 수 있습니다.
인센티브_한도,"충전 시 지급 또는 할인 되고 있는 인센티브는 월별/연도별 한도가 있습니다.※ 인센티브 한도는 지자체 정책에 따라 상시로 변경되는 내용으로, [APP 메인 > 경기지역화폐 시,군별 충전 혜택 & 포인트 한도]에서 확인 부탁드립니다."
인센티브_혜택,"경기지역화폐는 지자체에 따라 충전 시 인센티브 지급, 충전 금액 할인 또는 결제 시 즉시 할인의 혜택을 제공하고 있습니다.1. 충전금액의 6~10% 인센티브를 제공합니다.(월 한도, 연 한도 지자체 별 상이)※ 인센티브 요율은 지자체의 요청에 따라 긴급 변경될 수 있습니다.2. 일부 시의 특별 가맹점에서 결제 시 즉시 할인을 받을 수 있습니다. (각 가맹점별 제공하는 할인율이 다르니, 자세한 혜택의 내용은 앱의 [특별가맹점] 탭에서 확인해주세요.)3. 혜택에 대한 비용은 각 지자체(국비, 군구 예산 등을 활용)가 부담(예산 소진 시까지 혜택 적용)하며 경기지역화폐 서비스 상품에 따라 혜택을 부담하는 주체는 달라질 수 있습니다.3.2. 혜택 제공을 위한 각 지자체의 예산이 모두 소진될 경우, 개인별 인센티브 구매(인센티브의 지급) 한도 설정 변경 등에 따라 혜택 제공이 제한될 수 있습니다.3.3. 경기지역화폐는 혜택을 제공 받기 위한 카드의 사용 실적 조건이 없습니다."
잔액_유효기간,계좌로 충전된 잔액은 카드 유효기간 내 사용 가능합니다. 충전 시 지급되는 인센티브(추가/할인형) 유효기간은 충전시점으로 부터 3년 입니다.
잔액_조회,경기지역화폐 APP 메인화면에서 잔액 확인 가능합니다.잔액 [▽] 버튼 클릭해 주시면 카드캐시와 구분되어 표시됩니다.※ 기명화 되지 않은 카드는 실제 잔액과 상이하게 표시될 수 있습니다. 카드 이용내역 및 인센티브 내역은  [경기지역화폐 앱(APP) > 내지갑 > 이용내역]을 통해 확인 가능합니다.앱에 등록되지 않은 카드의 경우 아래 경로를 통해 잔액 조회 가능합니다. - ARS[1899-7997 > 2번 > 1번 > 카드번호 16자리 입력]- 미등록 카드 잔액조회 홈페이지[https://www.konacard.co.kr/check]
잡담_감사,고객님 제가 더 감사드립니다.
잡담_고객생일,"일 년 중 가장 특별한 오늘, 당신의 생일을 축하드립니다."
잡담_고백,감사합니다. 최선을 다하는 경기지역화폐가 되겠습니다.
잡담_고향,경기도가 제 고향이에요
잡담_괜찮아,감사합니다.
잡담_구걸,무슨 말씀이신지 모르겠네요. 더 똑똑해질게요!
잡담_기다려,언제든지 기다리고 있을게요!
잡담_나빠,"저 때문에 불편하셨다면, 진심으로 사과 드립니다."
잡담_나이,2019년 4월에 경기도민께 인사를 드렸어요.
잡담_날씨,날씨정보는 제공하지 않습니다.기상청 홈페이지를 참조해주세요.
잡담_네이버,네이버 주소는 아래와 같습니다.
잡담_놀람,놀라셨나 봐요~
잡담_놀림,저랑 친해지고 싶으신 거죠?
잡담_다시올게,기다리고 있을게요!
잡담_다아니,상세하게 질문해주시면 친절하게 답변해드리겠습니다.
잡담_대답,질문을 좀더 자세히 적어주세요.
잡담_대화,저는 경기지역화폐에 관련된 것만 말씀드릴 수 있어요.
잡담_도움,무엇을 도와드릴까요? 질문을 적어주세요
잡담_동의,다행이네요.
잡담_똑똑,더 열심히 하는 경기지역화폐가 되겠습니다.
잡담_무슨뜻,다시 한번 질문해주시겠어요!
잡담_미안해,전 괜찮습니다.
잡담_미침,좀 더 노력하는 경기지역화폐가 되겠습니다.
잡담_바쁨,필요할 때 언제든 불러주세요!
잡담_반가워,저도 만나서 반가워요.
잡담_배고픔,경기지역화폐 가맹점에서 맛있는 식사하세요~
잡담_별로,제가 더 열심히 노력하겠습니다.좀더 자세하게 질문해주시겠어요?
잡담_보고싶어,감사합니다. 최선을 다하는 경기지역화폐가 되겠습니다.
잡담_봇,저는 경기지역화폐 챗봇 푸루입니다. 경기지역화폐에 대해 궁금하신점을 물어보세요
잡담_불면증,"불면증을 극복하는 법으로는 잠들기 전에는 음식 섭취하지 않기, 낮잠 자지 않기, 취침 전 전자기기 사용 줄이기, 규칙적인 생활 습관 잡기, 카페인 및 술 섭취 피하기 등이 있습니다."
잡담_생일,2019년에 경기도민께 인사를 드렸어요.
잡담_성별,저는 경기지역화폐 챗봇 푸루입니다.경기지역화폐에 궁금하신점을 말씀해주세요.
잡담_소개,안녕하세요? 경기지역화폐 챗봇 푸루입니다.경기지역화폐에 궁금한점을 물어보세요.
잡담_슬픔,"고객님, 다 잘 될 거에요~ 힘내세요!"
잡담_시간,시간정보는 제공하지 않습니다.
잡담_신남,감사합니다
잡담_아니,질문을 좀 더 자세히 적어주세요
잡담_아무거나,감사합니다.
잡담_아침인사,좋은 아침이네요~
잡담_안부인사,고객님을 기다리며 지냈어요~
잡담_어떻게할까,경기지역화폐에 관련되서 질문해주세요!
잡담_예뻐,감사합니다!
잡담_와우,놀라셨군요~ 와우!
잡담_외로워,고객님과 함께하는 경기지역화폐가 있잖아요!
잡담_욕설,대답할 수 없습니다.경기지역화폐에 관련된 질문을 해주세요
잡담_이름,저는 경기지역화폐 챗봇 푸루입니다.경기지역화폐에 궁금하신게 있으시면 질문해주세요.
잡담_있니,전 항상 고객님을 기다리고 있어요
잡담_자러감,감사합니다. 또 만나요~
잡담_잘가,언제든지 필요하시면 다시 말씀해주세요!
잡담_잘자,필요할 때 언제든 다시 불러 주세요
잡담_잘지내지,말 걸어주시기만 기다렸어요.
잡담_잘하고있니,최선을 다하는 경기지역화폐가 되겠습니다.
잡담_재미,감사합니다!
잡담_저녁인사,좋은 저녁이네요^^
잡담_좋아,감사합니다!
잡담_주인,"경기도, 그리고 경기도민분들이에요."
잡담_준비,저도 준비되었어요! 경기지역화폐에 대해 질문해주세요
잡담_즐거웠어,"도움이 되었다니, 정말 기뻐요"
잡담_지루,"저는 지루할 수 있겠지만, 경기도에는 재미있는 곳들이 많아요~"
잡담_지원언어,경기지역화폐 챗봇은 한글만 지원합니다.더욱더 노력하는 경기지역화폐가 되겠습니다.
잡담_진짜,그렇게 말씀해 주시니 기뻐요~
잡담_집,제 집은 경기도에요~
잡담_짜증,죄송합니다. 최선을 다하는 경기지역화폐가 되겠습니다.
잡담_천재,고맙습니다. 더 노력하겠습니다!
잡담_청혼,저는 이미 경기도와 결혼했어요.
잡담_최고,감사합니다!
잡담_취미,공부하는 걸 좋아해요.
잡담_취소,감사합니다. 또 만나요~
잡담_친구,저를 좋아해 주시니 기분이 좋네요~
잡담_틀렸어,만족을 위한 방법을 찾아볼게요! 좀 더 자세히 질문해주세요
잡담_포옹,전 항상 고객님의 곁에 있습니다.
잡담_피곤,"제가 도와 드릴 수가 없어서, 안타까워요~"
잡담_하하,"고객님이 행복하시면, 저도 행복합니다~"
잡담_해고,열심히 할게요. 용서해주세요.
잡담_행복,경기도민 모두가 행복해지는게 제 행복이랍니다.
잡담_행복해,앞으로도 행복한일만 가득하실꺼에요!
잡담_화남,죄송합니다. 열심히 노력하겠습니다.
잡담_확실,확실한 정보를 얻기 위해서는 자세한 질문이 필요해요!
잡담_회사,경기도에요!
잡담_훌륭,감사합니다! 더 노력할게요
재발급_등록전분실,"[경기지역화폐 앱(APP) > 시,군별 카드 신청하기 배너]를 통해 재 발행 가능합니다.※ 일반우편으로 발송되어 평일 기준 3~10일(최대 2주) 소요됩니다.※ [경기지역화폐 앱(APP) > 공지사항]을 통해 각 시, 군별 인센티브 확인 가능합니다.추가적으로 문의사항이 있으시다면, 고객센터(1899-7997)로 문의 부탁드립니다.※ 고객센터 운영 시간 : 월~금(공휴일 제외) 09:00 ~ 18:00"
재발급_분실신고재발급,"먼저, 앱[전체메뉴 > 카드분실신고/재발급 신청]에서 분실신고 해주세요.분실 신고 즉시 카드 사용이 중지 되며, 이후 앱에서 [재발급신청]을 누르면 분실카드와 동일한 카드로 재발급 가능 합니다.* 카드 삭제로 재발급 어려운 경우 앱 메인페이지 [시/군별 카드 신청하기] 배너 이용 부탁드립니다. 재발급 신청으로 생성된 모바일 카드에 실물 카드 등록해 주시면 보유 잔액 이관되어 사용 가능합니다. 경기지역화폐 앱(APP) [내지갑>카드정보>실물카드 등록]으로 이용 부탁드립니다. 앱에서 분실신고 및 재발급이 어려우실 경우 고객센터(1899-7997)로 유선 문의해 주시면 신속하게 처리 도와드리겠습니다.※ 일반우편으로 발송되어 평일 기준 3~10일(최대 2주) 소요됩니다.※ 재발급 신청 이후 분실해제 및 발급취소 불가하니 신중한 선택 부탁드립니다. ※ 전체메뉴는 앱 우측 상단의 [≡]모양의 버튼을 누르시면 노출됩니다."
재발급_불량카드,"고장카드는 외형상 이상은 없으나 오프라인 매장에서 충전/결제가 불가한 카드입니다.우편봉투에 기재된 발신 주소로 고장카드 발송 후, 카드 상태 확인이 완료되면 새로운 정상카드로 발급 후 배송해 드립니다. (영업일 기준 5일 이내 발송)"
재발급_비용부과,재발급은 추가 재발급 비용없이 무료로 제공됩니다.
재발급_카드등록,재발급 신청으로 생성된 모바일 카드에 실물 카드 등록해 주시면 보유 잔액 이관되어 사용 가능합니다. 경기지역화폐 앱(APP) [내지갑>카드정보>실물카드 등록]으로 이용 부탁드립니다. ※ 반드시 분실신고 후 재발급 신청을 통해 발급받은 카드를 등록하셔야 합니다.
재발급_훼손카드,"훼손카드는 카드 외형상 이상이 있는 카드를 말하며, 카드의 훼손여부에 따라 새로운 정상 카드로 재발급해 드립니다.훼손카드는 실물카드 수거 후 재발급이 가능합니다. 우편봉투에 기재된 발신주소로 훼손카드를 발송 후, 카드 상태 확인이 완료되면 새로운 정상 카드 배송해 드립니다.※ 단순한 긁힘, 찍힘 등의 사유는 재발급 대상이 아닙니다."
정책수당_누락,"카드를 수령한 후에 경기지역화폐 앱에서 카드 등록이 완료되어야만 지급 가능합니다.카드를 등록했음에도 불구하고 정책수당을 받지 못하셨다면,번거로우시겠지만 고객센터(1899-7997)로 유선 문의해주시면 확인 도와드리겠습니다.※ 고객센터 운영 시간 : 월~금(공휴일 제외) 09:00 ~ 18:00"
정책수당_사용,"청년기본소득/산후조리비와 같은 정책발행금을 지급받으셨다면 요청 금액에서 자동으로 먼저 차감됩니다. 정책발행금이 결제금액보다 작은 경우, 잔액은 충전금액과 인센티브에서 결제됩니다.※ 여러 종류의 정책수당 보유 시, 정해진 기준에 따라 우선 사용됩니다.※ 정책수당 사용 순서는 변경 불가합니다."
정책수당_소득공제,"경기지역화폐 앱(APP) 회원가입 과정에서 소득공제 신청 약관에 동의해 주시면 카드 등록 시, 회원님의 주민등록 번호로 자동 소득공제 등록됩니다. 청년기본소득/산후조리비와 같은 정책발행금 사용내역도 소득공제를 받을 수 있습니다.※ 소득공제는 직불카드와 동일하게 30%로 적용되며, 추후 연말정산 진행시 국세청 사이트를 통해 확인 가능합니다.※ 경기지역화폐 앱(APP) [내지갑] 접속 후 카드명 상단 소득공제 신청 완료 문구를 확인 부탁드립니다."
정책수당_신청,"-. 청년기본소득 대상자일 경우 인터넷에서 '온라인 경기도 일자리지원시스템' 검색하여 신청해주시면 됩니다.* 청년기본소득 고객센터 : 1644-4264-. 산후조리비의 경우 출생등록 시군 관할 주민센터에서 신청하시면 됩니다.* 단, 출생일로부터 1년이내 신청하시기 바랍니다.-. 그외의 정책발행금 신청은 시군 홈페이지나 해당 정책발행금 담당자에게 문의하시기 바랍니다.-. 지원금 지급되었을 경우,[경기지역화폐 앱(APP) > 내지갑 > 이용내역 > 정책발행금]을 통해 확인 가능합니다."
정책수당_유효기간,"시·군별 또는 수당 종류별로 유효기간이 상이할 수 있습니다. [ 내지갑 > 이용내역>정책발행금내역]의 [안내]에서 지급받은 수당의 유효기간을 확인할 수 있습니다.매월 초 메일/PUSH를 통해 익월 소멸되는 포인트에 대한 안내를 안내하오니, 꼭 확인하여 주시기 바랍니다. ※ PUSH 재확인 방법 : 전체메뉴>종모양>내소식"
정책수당_정책수당이란,경기지역화폐는 잔액 충전으로 제공되는 인센티브 외에도 청년기본소득과 산후조리비와 같은 지원금을 카드형 지역화폐로 발행하여 지원하고 있습니다.※ 정책발행금 대상자 확인 및 관련 사항은 시군 홈페이지와 해당 정책발행금 담당자에게 문의하시기 바랍니다.
정책수당_지급내역,경기지역화폐 앱의 [내지갑]에서 해당 카드의 [사용가능금액]옆의 화살표 버튼을 누르면 확인할 수 있습니다. 정책발행금이 카드에 지급되면 별도의 push 메시지를 통해 안내해 드립니다.※ 주카드 설정 시 경기지역화폐 앱(APP) 메인화면에서 잔액 확인 가능합니다.주 카드 설정 방법 [내지갑]에서 설정할 카드 디자인의 좌측상단 별(☆)모양을 눌러주세요.
정책수당_카드등록,카드를 수령하셨다면 앱에 사용등록하시기 바랍니다. 경기지역화폐 앱 접속 후 첫화면의 [카드 등록하기] 또는 [내지갑>왼쪽 상단 카드등록]를 통해 카드 바코드 스캔 또는 카드번호/유효기간/CVC 정보를 직접 입력하는 방식으로 간편하게 사용등록 하실 수 있습니다. 카드 사용등록이 완료되면 정책발행금 지급일에 자동으로 수당이 지급됩니다. 카드 사용등록이 어려우실 경우 고객센터(1899-7997)로 유선문의 주시면 친절하게 안내해드리겠습니다. ※ 정책발행금 종류에 따라 신청방법이 상이합니다. 정책발행금 신청에 대해 궁금하신 부분은 각 시·군 홈페이지나 해당 정책발행금 담당자에게 문의하시기 바랍니다.
정책수당_카드수령,"신청 완료 후 대상자 확정이 완료된 분에 한하여 거주하고 계신 주소지로 카드를 발송해드립니다.카드는 발송일로부터 영업일 기준 10일 이내에 일반 우편으로 배송됩니다. 해당 기간 내 우편함을 확인해주세요. 단, 일반 우편이므로 주소가 명확하지 않은 경우 반송되거나, 공동 우편함일 경우 분실될 우려가 있습니다.도착까지 다소 시간이 걸릴 수 있으니, 신청 후 2주가 지나도록 우편함에서 확인이 어려우신 경우 고객센터(1899-7997)로 유선 문의해 주시면 신속하게 확인해드리겠습니다. ※ 정책발행금 지급을 위한 카드는 대상자 확정기간에 따라 추가 시일이 소요될 수 있습니다.  ※ 배송지 재확인 방법 : 전체메뉴>종모양>내소식※ 정책수당 수령을 위해 오프라인(지자체)에서 카드 신청한 경우, 고객센터를 통해 배송 주소지 확인 가능합니다. ※ 고객센터 : 1899-7997 (주말, 공휴일 제외 09:00 ~ 18:00)"
충전계좌_계좌등록,"경기지역화폐는 휴대폰명의와 동일한 입/출금계좌만 등록이 가능 합니다. 경기지역화폐 앱(APP) [전체메뉴 > 연결된 계좌]에서 등록 및 변경 가능합니다.※ 사업계좌/평생계좌/타인명의(또는 예금주불일치)계좌는 등록 불가합니다.※ 연결시도 계좌의 비대면거래정지, 인증제한이 되어있는 경우에도 등록이 어렵습니다.※ 예금주에 성명(000)이 기재된 경우에도 예금주명 불일치로 인증이 되지 않습니다.※ 단위 농협 계좌 연결 시, 지역 농축협이 아닌 NH농협 선택할 경우 인증되지 않습니다.지속적으로 계좌등록이 안 된다면 번거로우시겠지만 앱 삭제후 재설치 부탁드립니다. 앱 삭제후 재설치 하셨음에도 [유효하지 않은 계좌]라고 확인된다면 죄송하지만, 고객센터(1899-7997)로 유선문의 해주시기 바랍니다.※ 고객센터 운영 시간 : 월~금(공휴일 제외) 09:00 ~ 18:00"
충전계좌_계좌변경,"앱에 연결된 계좌는 [전체 메뉴>연결된 계좌 변경]에서 변경이 가능합니다.※ 등록된 계좌는 삭제가 불가합니다.※ 전체메뉴는 앱 우측 상단의 [≡]모양의 버튼을 누르시면 노출됩니다.※ 본인명의의 계좌만 등록/변경 가능합니다.※ 사업자계좌, 보안계좌, 평생계좌의 경우 등록이 불가합니다."
충전계좌_계좌삭제,"연결 계좌는 고객센터 통해 본인 확인 후 삭제 가능합니다. ※고객센터 : 1899-7997 (주말, 공휴일 제외 09:00 - 18:00)※ 삭제 완료된 경우 APP에 반영됩니다."
충전계좌_계좌연결오류,"경기지역화폐는 휴대폰명의와 동일한 입/출금계좌만 등록이 가능 합니다. 사업계좌/평생계좌/타인명의(또는 예금주불일치)계좌는 등록 불가하오니 참고 바랍니다.※ 경기지역화폐 APP 전체메뉴 > 연결된 계좌를 통해 등록 및 변경 가능합니다.※연결시도 계좌의 비대면거래정지, 인증제한이 되어있는 경우에도 등록이 어렵습니다.※예금주에 성명(000)이 기재된 경우에도 예금주명 불일치로 인증이 되지 않습니다.※ 단위 농협 계좌 연결 시, 지역 농축협이 아닌 NH농협 선택할 경우 인증되지 않습니다.지속적으로 계좌등록이 안 된다면 번거로우시겠지만 앱 삭제후 재설치 부탁드립니다. 앱 삭제후 재설치 하셨음에도 [유효하지 않은 계좌]라고 확인된다면 죄송하지만, 고객센터(1899-7997)로 유선문의 해주시기 바랍니다.※ 고객센터 운영 시간 : 월~금(공휴일 제외) 09:00 ~ 18:00"
충전계좌_카카오미니계좌불가,카카오뱅크 미니계좌는 경기지역화폐 계좌 연결 불가한 계좌입니다.다른 일반계좌로 연결 부탁드립니다.
충전계좌_타인계좌등록,타인 명의의 은행 계좌는 등록이 불가합니다.안전한 서비스 제공을 위하여 본인 명의의 은행 계좌를 등록해 주세요.
충전문의_자동충전,경기지역화폐는 고객님들의 편리한 카드 사용을 위해 자동 충전 기능을 제공하고 있습니다.자동 충전은 '기준 하한/월정액 충전'과 '결제시 부족금액 충전' 중에 선택할 수 있습니다.- 기준 하한 충전: 카드 잔액이 설정한 기준보다 낮아지면 지정된 금액이 자동으로 충전되는 기능- 월 정액 충전: 매월 지정된 날짜에 설정한 금액이 자동으로 충전되는 기능- 결제시 부족금액 충전 : 5만원 기준으로 5만원 또는 부족한 금액만큼 충전되는 기능
충전문의_자동충전해지,[내지갑>충전>자동충전 설정하기]에서 '자동충전 해지하기'를 선택해 주세요.
충전문의_충전방법,"경기지역화폐는 [충전형 선불카드]로 충전이 필요합니다. 카드 잔액을 충전을 하기 위해서 먼저, 본인 명의 은행계좌를 앱에 연결해주시기 바랍니다. 계좌 등록이 완료되면 [내지갑>충전]을 통해 충전이 가능합니다.※ 씨티은행/평생 은행 계좌/타인명의(또는 예금주 불일치)/가상계좌/사업주 계좌는 지원하지 않습니다.※ 해당 은행사 서비스 점검시간 확인 후 이용 부탁드립니다."
충전문의_충전수단,"경기지역화폐는 [충전형 선불카드]로 잔액 충전이 필요합니다. 계좌이체 충전 및 오프라인 충전을 제공하고 있습니다.1. 계좌이체 충전경기지역화폐는 휴대폰명의와 동일한 입/출금계좌만 등록이 가능 합니다.사업계좌/평생계좌/타인명의(또는 예금주불일치)계좌는 등록 불가하오니 참고 바랍니다.2. 오프라인 충전APP 사용이 어렵거나 계좌 연결이 불가한 경우 이용하시는 지역의 농협, 신협, 새마을 금고 은행에서 충전 가능합니다.지점별로 충전가능여부가 상이하니 번거로우시더라도 방문 전 연락하시어 확인 부탁드립니다※ 오프라인 충전의 경우 현금과 신분증이 필요할 수 있습니다. ※ 인센티브는 회원(1인) 기준으로 지급 한도가 책정되어 있습니다."
충전문의_충전수수료,충전 시 수수료가 부과되지 않습니다.
충전문의_충전오류,"충전 오류의 대표적인 사례 및 해결방법 안내드리겠습니다.① 1일 출금한도가 지정되어 있는 경우, 은행사 고객센터를 통해 확인이 필요합니다.② 해당 은행사 시스템 점검 중일 경우, 추후 재시도 부탁드립니다.③ 지역화폐 충전을 장기간 하지 않았을 경우, 계좌 [변경] 재등록이 필요합니다.④ 오픈뱅킹 미동의 경우, 전체 동의 후 재시도 부탁드립니다.⑤ 비대면 출금 미동의 경우, 은행사 고객센터를 통해 확인이 필요합니다.위 5가지 사례에 해당되지 않고, 지속적으로 계좌 충전이 안된다면경기지역화폐 앱(APP) 삭제 후 재설치 부탁드립니다.시도 후에도 충전 불가할 시,죄송하지만 고객센터(1899-7997)를 통해 재문의 부탁드립니다.※ 고객센터 운영 시간 : 월~금(공휴일 제외) 09:00 ~ 18:00"
충전문의_충전취소,"충전 취소는 APP충전을 하신 후 사용 이력(결제 내역)이 없을 경우,7일 이내(충전일 포함)에 APP 내 충전 취소가 가능합니다.[내지갑>이용내역]에서 충전한 내역을 선택한 후 하단의 [충전취소]를 눌러주세요.※ 잔액의 부분 취소는 불가합니다.※ 충전 취소한 금액은 3일 이내 등록된 계좌로 환불됩니다.※ 충전 취소 시에는 충전 시 지급된 인센티브는 전액 환수됩니다.※ 충전 이후, 결제 내역이 없으나 잔액이 변경(+)된 경우 (결제 취소, 재발급 카드로 이관, 돈 옮기기 등) 충전 취소가 불가합니다.※ 잔액이 변경된 경우(결제 취소/ 재발급 카드로 이관. 돈 옮기기 등) 카드 잔액이 (+) 시점을 기준으로, 해당 잔액의 60% 이상을 결제로 사용해야 남은 금액을 환불할 수 있습니다."
충전문의_충전한도,"카드 당 최대 50만원까지 충전이 가능하며, 앱의 [전체메뉴>충전한도 상향]에서 카드 선택 후 한도를 상향하면 최대 200만원까지 사용할 수 있습니다.충전 한도 상향을 위해 기명카드로 전환 시, 본인인증을 필수로 진행하셔야 합니다. ※ 외국인 등록증이 있는 외국인의 경우 한도 상향과 소득공제 모두 가능합니다."
카드문의_결제일,경기지역화폐는 충전형 선불카드로 별도 결제일이 없습니다.
카드문의_모바일카드,경기지역화폐 APP에서 카드 신청 시 모바일 카드가 생성됩니다.실물카드 수령 전 잔액 충전 및 삼성페이(삼성폰) 등록 후 이용 가능합니다.※ 경기지역화폐>내지갑에서 발급받은 카드 확인 가능합니다.※ 생성된 모바일 카드와 배송되는 실물카드 번호는 상이합니다.※ 내지갑>카드정보>실물카드 등록 시 두 카드는 연동됩니다.
카드문의_모바일카드발급,"경기지역화폐 앱(APP)을 통해 카드 신청 시, 모바일 카드가 생성됩니다. 경기지역화폐 앱(APP) [내지갑] 메뉴를 통해 발급된 모바일카드 확인 가능합니다. 모바일 카드는 일부 정책지원금 신청 및 지급, 충전 가능하며모바일 카드로 지급받은 지원금 및 충전 금액은 배송받은 카드 등록 후 실물카드 IC칩 결제 및 삼성페이 간편결제 방법으로 사용가능합니다.※ 실물카드 등록 방법 : 경기지역화폐 앱(APP) [내지갑 > 카드정보 > 실물카드 등록]"
카드문의_무기명카드,일부 정책수당 지원금 신청으로 발급받은 무기명(앱에 등록되지 않은 카드)카드는 ARS 잔액조회 또는 앱에 등록 후 이용 내역 확인 가능합니다. - ARS[1899-7997 > 2번 > 1번 > 카드번호 16자리 입력]- 미등록 카드 잔액조회 홈페이지[https://www.konacard.co.kr/check]- 이용내역은 APP에 등록 후 확인 가능합니다.
카드문의_발급비용문의,카드 발급은 비용없이 무료로 제공됩니다.
카드문의_신청카드안보임,경기 지역화폐 카드 재고 상황에 따라 일부 상품은 신청이 불가 할 수 있습니다. 이점 양해 부탁 드립니다.
카드문의_양도,경기지역화폐는 무기명(공카드)로 배송되어 필요하신 분께 양도 가능합니다. ※ APP에 등록한 회원이 카드 명의자가 됩니다.※ 인센티브는 계정(1인)당 지급 한도가 책정되어 있습니다.※ 정책발행금의 경우 신청 정보와 카드 명의자가 일치되어야 지급됩니다.
카드문의_오프라인카드발급,"경기지역화폐 회원가입 이력 없으실 경우 오프라인 은행 방문으로 카드 발급 가능합니다.이용하시려는 지역의 농협, 신협, 새마을 금고 은행사 방문하시어 발급 신청 가능하지만 은행사 별 경기지역화폐 카드 발급 여부 상이한 점 양해부탁드립니다.방문 전 해당 은행 고객센터를 통해 경기지역화폐 카드 발급 가능 여부 확인 후 방문 부탁드립니다."
카드문의_웰컴카드란,경기지역화폐 앱에 신규 가입시 최초 발급되는 IC 카드입니다.신청한 카드는 영업일 기준 10일 이내에 일반우편으로 배송됩니다.회원 가입 시 웰컴카드를 신청하지 못한 고객님은 경기지역화폐 고객센터(1899-7997)로 문의 주시길 바랍니다.
카드문의_유효기간,"실물카드로 발급된 경기지역화폐 카드는 유효기간 연장을 지원하지 않으며, 만료 시 사용이 불가하므로 직접 재발급 해주셔야 합니다.카드 유효기간은 후면 또는 앱을 통해 확인이 가능합니다.[내지갑>카드 정보]에서 등록된 카드의 유효기간을 확인해 주세요."
카드문의_지역이동,"지역화폐는 지자체 별로 운영하고 있습니다.지역화폐는 앱에서 지자체를 선택하여  지역별 카드 신청 가능합니다 예) 화성시 1장, 오산시 1장신청 후 해당하는 지역내에서 사용 가능합니다.앱> 시,군별 카드 신청하기 에서 신청 가능합니다. 카드 수령 후 앱에서 사용등록, 충전해서 이용 가능합니다.각 지역화페 별로 충전해서 해당 지자체 관내에서 이용 가능하고 카드 간 금액 공유는 불가합니다.※ 타지역 전출로 잔액 환불이 필요한 경우 고객센터로 문의 부탁드립니다.고객센터 : 1899-7997 (주말, 공휴일 제외 09:00 - 18:00)"
카드문의_추가발급,"경기지역화폐는 일부 지자체(김포, 성남, 시흥)를 제외한 28개 지자체의 지역화폐를 운영하고 있습니다.소지한 카드 외 다른 지역의 카드를 추가로 발급하실 수 있습니다. 경기지역화폐 앱 메인페이지의 화면의 [시/군별 카드 신청하기] 배너를 찾으실수 있습니다.※ 신청한 카드는 영업일 기준 10일 내에 일반우편으로 배송됩니다. ※ 동일한 시의 지역화폐 카드를 여러 장 사용 가능하지만, 인센티브 혜택은 중복적용이 불가합니다."
카드문의_카드교체,"경기지역화폐는 다음 경로를 통해 추가 발급 또는 재발급 신청 가능합니다. 1. 경기지역화폐 앱(APP) 메인화면 하단 [시/군별 카드 신청하기] 2. 경기지역화폐 앱(APP) [전체메뉴(≡) > 분실신고/재발급 신청]※ 재발급은 신청 이후 분실해제 및 발급취소 불가하니 신중한 선택 부탁드립니다. ※ 신청한 카드는 영업일 기준 10일 내에 일반우편으로 배송됩니다. ※ 동일한 시의 지역화폐 카드를 여러 장 사용 가능하지만, 인센티브 혜택은 중복적용이 불가합니다."
카드문의_카드목록,경기지역화폐 앱 [내지갑]에서 보유 중인 카드 목록 확인 가능합니다. Tip> 주 카드 설정 방법 [내지갑]에서 설정할 카드 디자인의 좌측상단 별(☆)모양을 눌러주세요.
카드문의_카드발급,"경기지역화폐 카드는경기도를 사랑하는 사람이라면 주소지와 상관없이 누구나 발급이 가능합니다. 경기지역화폐 앱(APP) 메인화면 [시/군 별 카드신청하기] 배너에서 신청 가능합니다.※경기지역화폐 앱에 회원가입은 만14세 이상에 한해 가능합니다.※ 정책발행 카드의 경우 대상자에 한해 발급받을 수 있습니다.※ 신청한 카드는 영업일 기준 10일 내에 일반우편으로 배송됩니다. ※ 동일한 시의 지역화폐 카드를 여러 장 사용 가능하지만, 인센티브 혜택은 중복적용이 불가합니다."
카드문의_카드발급취소,"경기지역화폐 발급 취소는 카드 신청 당일에 한해 가능합니다.앱(APP) [전체메뉴 > 카드 발급현황]에서 취소 가능합니다.다만, 재발급 신청 카드는 취소 불가합니다. ※ APP에 등록한 회원이 카드 명의자가 됩니다.※ 인센티브는 계정(1인)당 지급 한도가 책정되어 있습니다.※ 정책발행금의 경우 신청 정보와 카드 명의자가 일치되어야 지급됩니다."
카드문의_카드번호,"경기지역화폐카드는 무기명카드 배송으로 실물 카드번호 확인은 어렵습니다.경기지역화폐 앱(APP)을 통해 카드 신청 시,[경기지역화폐 앱(APP) > 내 지갑]을 통해 모바일 카드번호 확인이 가능합니다."
카드문의_카드삭제,[경기지역화폐 APP>내지갑>카드관리]에서 카드 삭제(해지) 가능합니다.앱에서 카드 삭제 시 해당 카드는 폐기되어 재사용은 불가합니다.신규 카드 발급을 원하실 경우 앱 메인 페이지의 [시/군별 카드 신청하기]배너를 통해 추가 발급하여 이용해주시기 바랍니다.
카드문의_카드재등록,등록 후 삭제된 카드는 폐기 처리되어 재등록 및 복구가 불가합니다.경기지역화폐 앱 메인페이지 [시/군별 카드 신청하기] 배너에서 재발행 신청 후 이용 부탁드립니다.
카드문의_카드정지,경기지역화폐 앱(APP) 전체메뉴 [분실신고/재발급 신청] 메뉴에서 카드 정지 가능합니다. 필요하신 경우 동일한 경로를 통해 분실 해제 후 사용 가능합니다.※ 분실신고 후 재발급까지 진행된 경우 분실 해제 불가합니다. ※ 전체메뉴는 앱 우측 상단의 [≡]모양의 버튼을 누르시면 노출됩니다.
환불문의_만료카드환불,유효기간이 만료된 카드의 환불은 [전체메뉴>카드환불신청/조회]에서 신청할 수 있으며 보유 잔액의 90%까지 환불 가능합니다. 영업일 기준 3일 이내 앱에 연결된 계좌로 잔액이 입금됩니다.
환불문의_사망자,"사망자 상속의 경우 대표 상속인 기준으로 잔액 환불을 도움드리고 있습니다.필요 서류 및 절차에 대해 번거로우시더라도 고객센터 1899-7997로 문의 부탁드립니다.※ 카드캐시(정책발행금)의 경우 현금으로 전환되지 않습니다. ※ 고객센터 운영시간 : 주말, 공휴일 제외 9:00 - 18:00"
환불문의_신청방법,"환불 가능 기준은 마지막으로 금액이 추가된 시점(충전, 결제 취소 등)의카드 잔액의 60% 이상(잔액 1만원 이하인 경우, 80% 이상)을 사용하시면 환불 가능합니다.환불신청 시 철회 불가하며 인센티브 자동 소멸 되는 점 유의 부탁드립니다. * 환불 방법[경기지역화폐 앱(APP) > 오른쪽 상단 메뉴(三) > 카드 환불신청/조회]카드 배송 시, 동봉된 안내문과 약관 참조해 주시기 바랍니다.환불 신청된 금액은 3~7일 후 연결된 계좌로 입금됩니다.추가적으로 문의사항이 있으시다면, 고객센터(1899-7997)로 문의 부탁드립니다.※ 고객센터 운영 시간 : 월~금(공휴일 제외) 09:00 ~ 18:00"
환불문의_이사,"이사로 인해 보유하고 있는 지역화폐 카드 사용이 어려울 경우,경기지역화폐 고객센터(1899-7997)를 통해전입/출 이력을 확인할 수 있는 등본 확인 후 환불 가능 여부를 안내해드리도록 하겠습니다.※ 환불 신청 완료 시, 평일 기준 3~7일 소요 되는 점 양해 부탁드립니다.※ 전입 신고 후 카드 사용 이력 있을 경우, 환불 불가한 점 양해부탁드립니다.번거로우시겠지만 고객센터(1899-7997)를 통해 이사 환불 신청 부탁드립니다.※ 고객센터 운영 시간 : 월~금(공휴일 제외) 09:00 ~ 18:00"
환불문의_환불정책,"환불 가능 기준은 마지막으로 금액이 추가된 시점(충전, 결제 취소 등)의카드 잔액의 60% 이상(잔액 1만원 이하인 경우, 80% 이상)을 사용하시면 환불 가능합니다.환불신청 시 철회 불가하며 인센티브 자동 소멸 되는 점 유의 부탁드립니다. 환불 신청 후 영업일 기준 3일 이내에 입력하신 계좌로 입금됩니다. 단, 회원 개명으로 인한 예금주 불일치 혹은 환불 불가 통장(압류방지통장)의 경우, 환불이 지연될 수 있습니다.입금 기한이 지났음에도 불구하고 잔액이 환불되지 않았다면 고객센터(1899-7997)로 문의해 주세요.※ 입금자 정보는 ""코나아이""로 확인 가능합니다.※ 전체 환불만 가능하며 부분(일부잔액) 환불 불가합니다.※ 정책수당 및 인센티브(포인트)는 현금화되지 않습니다."
환불문의_환불취소,"환불 신청 취소는 불가한 점 양해 부탁드립니다.더 나은 서비스를 제공하기 위해 노력하는 경기지역화폐가 되겠습니다.추가적으로 문의사항이 있으시다면, 고객센터(1899-7997)로 문의 부탁드립니다.감사합니다.※ 고객센터 운영 시간 : 월~금(공휴일 제외) 09:00 ~ 18:00"
회원가입_가입문의,"경기지역화폐 앱(APP) 가입은 본인명의 휴대폰 인증 절차가 필요합니다.개명했을 경우 통신사를 통해 정보 변경 후 가입 진행 부탁드립니다.본인명의 휴대폰 인증으로 가입이 어렵다면 아래 방법을 참고 부탁드립니다.1. 경기지역화폐 유저사이트(PC) https://gmoney.usersite.co.kr/2. 회원가입 이력이 없을 경우 오프라인 충전처(일부 농협지점)에서 가입 가능합니다.※ 영업점으로 가입 가능 여부와 필요 서류 사전 확인 후 방문 부탁드립니다. ※ 휴대폰 SMS 인증 필요합니다. ※ 인센티브는 회원 기준으로 지급됩니다.※ 정회원(APP) 가입이 아닌 준/준준회원(PC, 영업점) 가입 시 일부 기능이 제한됩니다."
회원가입_나이제한,경기지역화폐 앱은 모바일 금융거래 서비스로 만 14세 이상 내국인이거나 외국인등록증을 보유한 외국인에 한해 회원가입할 수 있습니다.
회원가입_신용불량자,"경기지역화페는 충전형 선불카드로 신용도와 무관하게 발급 가능합니다.회원가입 진행 과정에서 소득공제 약관에 동의해 주시면 카드 등록 시, 회원님의 주민등록번호로 자동 소득공제 등록됩니다. 그외 자세한 소득공제 문의는 홈택스를 통해 문의 부탁드립니다."
회원가입_외국인,"본인인증이 가능한 외국인등록증을 소지한 외국인이라면 카드를 발급받을 수 있습니다.단, 휴대폰 명의와 계좌 명의가 반드시 일치하여야 합니다.이용이 어려울 경우 고객센터(1899-7997)로 문의해 주세요.※ 외국인 등록증이 있는 외국인의 경우 한도 상향과 소득공제 모두 가능합니다.※ 고객센터 운영 시간 : 월~금(공휴일 제외) 09:00 ~ 18:00"
회원가입_인증문자,스팸 차단 서비스가 설정된 휴대폰의 경우 인증 SMS가 스팸 문자함으로 분류될 수 있습니다. 휴대폰의 스팸 문자함을 확인해 보시기 바랍니다.
회원가입_인증실패,번거로우시겠지만 현재 설치되어 있는 앱을 삭제 후 재설치 부탁드리며 본인명의의 휴대폰인지 여부 확인 부탁드립니다. 경기지역화폐 회원가입은 본인 명의의 휴대전화에서만 가능합니다.재 설치 후에도 동일 현상이 계속적으로 반복된다면 고객센터(1899-7997)로 유선 문의해주시면 빠르게 처리 도와드리겠습니다.※ 고객센터 운영 시간 : 월~금(공휴일 제외) 09:00 ~ 18:00
회원가입_추천코드,추천코드는 회원가입시에만 기재 가능합니다.해당 코드 입력으로 별도의 혜택을 지원하지 않는 점 참고 부탁드립니다.※ 추천코드는 추후 이벤트 진행 시 활용될 수 있습니다.
회원정보_비밀번호5회오류,비밀번호 입력 5회 오류 시에는 비밀번호를 재 설정 하셔야 합니다.경기지역화폐 앱(APP) [전체메뉴 > 내정보]에서 비밀번호 변경 가능합니다.※ 휴대폰 본인 인증 절차 후 비밀번호를 재설정하실 수 있습니다.※ 고객센터에서는 개인 정보 보호를 위해 비밀번호 재설정이 불가합니다.
회원정보_아이디,ID가 이메일입니다.
회원정보_아이디비밀번호찾기,앱 로그인 화면에서 아이디/비밀번호 찾기가 가능합니다.앱 로그인 화면 하단의 '보안 비밀번호를 잊어버리셨나요?'를 눌러 본인인증 후 비밀번호를 재설정 해주시기 바랍니다.휴대폰 번호가 변경되었거나 아이디/비밀번호 찾기를 계속 실패 하신다면 고객센터(1899-7997)로 유선 문의해 주시기 바랍니다.※ 전체메뉴는 앱 우측 상단의 [≡]모양의 버튼을 누르시면 노출됩니다.※ 고객센터에서는 개인 정보 보호를 위해 유선 상의 비밀번호 재설정이 불가합니다.※ 고객센터 운영 시간 : 월~금(공휴일 제외) 09:00 ~ 18:00
회원정보_이름변경,[전체메뉴>내정보>회원정보 변경]에서 본인인증 절차를 거쳐 이름을 변경하실 수 있습니다.※ 전체메뉴는 앱 우측 상단의 [≡]모양의 버튼을 누르시면 노출됩니다.
회원정보_이메일변경,"ID 변경은 불가하며, 고객센터(1899-7997)를 통해 정보 수신 이메일 변경은 가능합니다.※ 고객센터 운영 시간 : 월~금(공휴일 제외) 09:00 ~ 18:00"
회원정보_회원정보확인,[전체메뉴>내정보]에서 회원정보 확인 가능합니다. ※ 전체메뉴는 앱 우측 상단의 [≡]모양의 버튼을 누르시면 노출됩니다.
회원정보_회원탈퇴,"경기지역화폐 회원 탈퇴를 원하시면 [전체메뉴>설정>회원탈퇴]를 눌러주세요. 탈퇴 처리 후 취소 및 철회는 불가능 하니 신중하게 결정해주세요.※ 탈퇴 조건-보유한 카드의 잔액이 '0원'이어야 한다.-보유한 카드의 정책수당(포인트)가 '0원'이어야 한다.-환불신청한 경우 처리가 완료되어야 한다.-선물의 수신 및 발신 처리가 완료되어야 한다.※ 탈퇴하는 경우 회원이 보유한 혜택(쿠폰 등)은 자동으로 소멸됩니다. 또한, 이전에 결제한 내역의 결제취소가 불가능하니 이 점 유의해주세요.※ 탈퇴 시, 등록된 지역화폐 카드는 자동 폐기됩니다."
회원정보_휴대폰변경,"1. 전화번호 변경없이 휴대폰을 바꾼 경우경기지역화폐 앱을 재설치 후 기존에 사용한 아이디와 비밀번호를 입력하면 정상적으로 로그인 됩니다. (이전에 이용하던 앱에서는 자동 로그아웃 처리 됩니다.)2. 전화번호와 휴대폰을 모두 변경한 경우경기지역화폐 앱을 재설치 후 기존에 사용한 아이디와 비밀번호를 입력하면 정상적으로 로그인 되며, 변경된 전화번호는 [전체메뉴>내정보>휴대폰번호 변경]에서 인증하면 정상적으로 사용할 수 있습니다.※ 전체메뉴는 앱 우측 상단의 [≡]모양의 버튼을 누르시면 노출됩니다.※ 통신사만 변경된 경우 별도 조치 필요 없습니다."
회원정보_휴면계정해지,휴면 해제는 아래 두가지 방법을 통해 가능합니다.① 경기지역화폐앱(APP) 로그인 완료 시② 보유한 카드로 결제 시도 → 승인 완료 시
회원정보_휴면회원,코나아이가 제공하는 온라인 서비스(APP 또는 홈페이지)에 마지막으로 접속한 날로부터 1년간 접속 기록이 없고 해당 기간 동안 카드 사용 이력이 없는 회원은 휴면 회원으로 전환됩니다.※ 휴면 회원 전환 30일 전 이메일을 통해 사전 안내됩니다.※ 최초 가입채널 로그인 시도 또는 카드 사용 시 휴면 해제 됩니다.
